<?xml version="1.0" encoding="UTF-8"?>
<root><constant><name>theme_color</name><value>1</value></constant><constant><name>custom_theme_color</name><value>5</value></constant><constant><name>company_theme_color</name><value>#CC0821</value></constant><constant><name>company_main_width</name><value>1200px</value></constant><constant><name>company_left_columns_width</name><value>240px</value></constant><constant><name>company_right_columns_width</name><value>240px</value></constant><constant><name>company_mobilehideleftrightcolumn</name><value>1</value></constant><constant><name>company_body_background_color</name><value>#eeeeee</value></constant><constant><name>company_font_color</name><value>#000</value></constant><constant><name>company_font_color_light</name><value>#424242</value></constant><constant><name>company_heading_color</name><value>#000</value></constant><constant><name>company_links_color</name><value>#292929</value></constant><constant><name>company_links_hover_color</name><value>#000</value></constant><constant><name>company_content_background_color</name><value>#fff</value></constant><constant><name>company_content_border_color</name><value>#E7E7E7</value></constant><constant><name>company_form_label_color</name><value>#CC0821</value></constant><constant><name>company_input_background_color</name><value>#fff</value></constant><constant><name>company_input_font_color</name><value>#000</value></constant><constant><name>company_input_border_color</name><value>#E7E7E7</value></constant><constant><name>company_button_background_color</name><value>#CC0821</value></constant><constant><name>company_button_background_color_hover</name><value>#CC0821</value></constant><constant><name>company_button_border_color</name><value>#CC0821</value></constant><constant><name>company_button_font_color</name><value>#fff</value></constant><constant><name>company_button_font_hover_color</name><value>#fff</value></constant><constant><name>company_comment_background_color</name><value>#f6f7f9</value></constant><constant><name>company_header_background_color</name><value>#fff</value></constant><constant><name>company_header_border_color</name><value>#eeeeee</value></constant><constant><name>company_menu_logo_top_space</name><value>10px</value></constant><constant><name>company_mainmenu_links_color</name><value>#FFFFFF</value></constant><constant><name>company_mainmenu_links_hover_color</name><value>#FFF</value></constant><constant><name>company_minimenu_links_color</name><value>#292929</value></constant><constant><name>company_minimenu_links_hover_color</name><value>#CC0821</value></constant><constant><name>company_header_searchbox_background_color</name><value>#ebeeee</value></constant><constant><name>company_header_searchbox_text_color</name><value>#767676</value></constant><constant><name>company_header_searchbox_border_color</name><value>#E7E7E7</value></constant><constant><name>company_footer_background_color</name><value>#222</value></constant><constant><name>company_footer_border_color</name><value>#E7E7E7</value></constant><constant><name>company_footer_text_color</name><value>#767676</value></constant><constant><name>company_footer_links_color</name><value>#767676</value></constant><constant><name>company_footer_links_hover_color</name><value>#FFFFFF</value></constant><constant><name>company_body_background_image</name><value>public/admin/blank.png</value></constant><constant><name>company_header_type</name><value>2</value></constant><constant><name>company_body_fontfamily</name><value>"Roboto"</value></constant><constant><name>company_body_fontsize</name><value>14px</value></constant><constant><name>company_heading_fontfamily</name><value>"Roboto Condensed"</value></constant><constant><name>company_heading_fontsize</name><value>17px</value></constant><constant><name>company_mainmenu_fontfamily</name><value>"Roboto"</value></constant><constant><name>company_mainmenu_fontsize</name><value>17px</value></constant><constant><name>company_tab_fontfamily</name><value>"Roboto Condensed"</value></constant><constant><name>company_tab_fontsize</name><value>15px</value></constant></root>
